-0.02587,-0.02587,-0.02587,0.01711,0.01711,0.01711,0.01711,-0.23083,-0.23083,-0.23083,-0.23083,0.45252,0.45252,0.45252,0.45252,0.39561,0.39561,0.39561,0.39561,-0.03636,-0.03636,-0.03636,-0.03636,-0.12689,-0.12689,-0.12689,-0.12689,-0.18911,-0.18911,-0.18911
0.01172,0.01172,0.01172,-0.01584,-0.01584,-0.01584,-0.01584,-0.15733,-0.15733,-0.15733,-0.15733,0.29237,0.29237,0.29237,0.29237,0.26328,0.26328,0.26328,0.26328,0.26328,0.03541,0.03541,0.03541,0.03541,-0.23428,-0.23428,-0.23428,-0.23428,-0.08956,-0.08956
0.00303,0.00303,0.02072,0.02072,0.02072,0.02072,-0.2307,-0.2307,-0.2307,-0.2307,0.37873,0.37873,0.37873,0.37873,0.37873,-0.39344,-0.39344,-0.39344,1.26703,1.26703,1.26703,1.26703,1.26703,0.01768,0.01768,0.01768,-0.03812,-0.03812,-0.03812,-0.03812
0.03652,-0.00734,-0.00734,-0.00734,-0.00734,-0.00734,-0.05037,-0.05037,-0.05037,-0.05037,0.14307,0.14307,0.14307,0.14307,0.20048,0.20048,0.20048,0.20048,0.4473,0.4473,0.4473,-0.16907,-0.16907,-0.16907,-0.16907,-0.16907,-0.11926,-0.11926,-0.11926,-0.11926
0.00548,0.00548,0.00548,-0.01152,-0.01152,-0.01152,-0.01152,0.04137,0.04137,0.04137,0.04137,0.08941,0.08941,0.08941,0.08941,0.08941,0.2029,0.2029,0.2029,0.10136,0.10136,0.10136,0.10136,0.1143,0.1143,0.1143,0.1143,-0.05147,-0.05147,-0.05147
0.01727,0.01727,0.03094,0.03094,0.03094,0.03094,-0.17903,-0.17903,-0.17903,0.20275,0.20275,0.20275,0.20275,0.20275,0.17517,0.17517,0.17517,0.17517,0.87703,0.87703,0.87703,0.87703,-0.04912,-0.04912,-0.04912,-0.04912,0.09994,0.09994,0.09994,0.09994
0.01487,0.02842,0.02842,0.02842,0.05383,0.05383,0.05383,0.05383,-0.35037,-0.35037,-0.35037,-0.35037,-0.35037,0.46046,0.46046,0.46046,0.46046,0.12397,0.12397,0.12397,0.12397,-0.02224,-0.02224,-0.02224,-0.02224,-0.13532,-0.13532,-0.13532,-0.13532,-0.11974
0.0015,0.00718,0.00718,0.00718,0.00718,-0.27186,-0.27186,-0.27186,-0.27186,0.23404,0.23404,0.23404,0.23404,0.23404,-0.18414,-0.18414,-0.18414,1.25391,1.25391,1.25391,1.25391,-0.21115,-0.21115,-0.21115,-0.21115,-0.2046,-0.2046,-0.2046,-0.2046,-0.06446
0.01126,0.01126,-0.00609,-0.00609,-0.00609,-0.00609,-0.00609,-0.07671,-0.07671,-0.07671,-0.07671,0.52372,0.52372,0.52372,0.52372,-0.50648,-0.50648,-0.50648,-0.50648,0.60342,0.60342,0.60342,0.60342,0.03949,0.03949,0.03949,-0.13185,-0.13185,-0.13185,-0.13185
-0.02367,0.01262,0.01262,0.01262,0.01262,-0.08402,-0.08402,-0.08402,-0.08402,-0.08402,-0.23227,-0.23227,-0.23227,-0.23227,0.51907,0.51907,0.51907,1.05938,1.05938,1.05938,1.05938,-0.10619,-0.10619,-0.10619,-0.10619,-0.10619,-0.07686,-0.07686,-0.07686,0.15788
-0.00603,0.01414,0.01414,0.01414,0.01414,0.01414,-0.18177,-0.18177,-0.18177,-0.18177,0.1701,0.1701,0.1701,0.1701,0.0667,0.0667,0.0667,0.0667,0.75376,0.75376,0.75376,0.75376,-0.08189,-0.08189,-0.08189,-0.08189,-0.03425,-0.03425,-0.03425,-0.03425
-0.00305,-0.00305,0.0087,0.0087,0.0087,0.0087,-0.23838,-0.23838,-0.23838,-0.23838,0.15235,0.15235,0.15235,0.15235,0.46656,0.46656,0.46656,0.46656,0.55114,0.55114,0.55114,0.55114,0.55114,-0.02979,-0.02979,-0.02979,-0.01952,-0.01952,-0.01952,-0.01952
-0.00154,-0.0149,-0.0149,-0.0149,-0.0149,-0.32803,-0.32803,-0.32803,-0.32803,-0.32803,0.23007,0.23007,0.23007,0.23007,0.74373,0.74373,0.74373,0.74373,-0.34301,-0.34301,-0.34301,-0.34301,0.4108,0.4108,0.4108,0.4108,0.27636,0.27636,0.27636,0.27636
0.01865,0.01865,0.01865,0.02232,0.02232,0.02232,-0.23525,-0.23525,-0.23525,-0.23525,-0.23525,0.57326,0.57326,0.57326,0.57326,-0.20402,-0.20402,-0.20402,0.84794,0.84794,0.84794,0.84794,0.84794,-0.00695,-0.00695,-0.00695,-0.00695,0.05066,0.05066,0.05066
0.01734,0.01734,0.01398,0.01398,0.01398,0.01398,0.01398,-0.08537,-0.08537,-0.08537,-0.07191,-0.07191,-0.07191,-0.07191,0.1686,0.1686,0.1686,0.1686,0.01277,0.01277,0.01277,0.01277,0.65034,0.65034,0.65034,0.65034,-0.08381,-0.08381,-0.08381,-0.08381
-0.00134,-0.00134,-0.00134,-0.09632,-0.09632,-0.09632,-0.09632,0.19129,0.19129,0.19129,0.19129,-0.36096,-0.36096,-0.36096,-0.36096,-0.36096,1.20061,1.20061,1.20061,1.20061,-0.39607,-0.39607,-0.39607,-0.24347,-0.24347,-0.24347,-0.24347,-0.04547,-0.04547,-0.04547
0.01697,0.01697,0.01697,0.01697,-0.0988,-0.0988,-0.0988,-0.0988,0.25141,0.25141,0.25141,0.25141,-0.07518,-0.07518,-0.07518,-0.07518,0.37064,0.37064,0.37064,0.37064,-0.09633,-0.09633,-0.09633,-0.09633,-0.22406,-0.22406,-0.22406,-0.22406,-0.22406,-0.00558
0.01307,0.01307,0.01307,0.01607,0.01607,0.01607,-0.37703,-0.37703,-0.37703,-0.37703,-0.37703,0.58787,0.58787,0.58787,0.58787,-0.14048,-0.14048,-0.14048,-0.14048,1.21409,1.21409,1.21409,1.21409,-0.18703,-0.18703,-0.18703,-0.18703,-0.11423,-0.11423,-0.11423
0.00208,0.00208,0.00208,0.00208,0.00208,-0.46386,-0.46386,-0.46386,-0.46386,1.05082,1.05082,1.05082,1.05082,0.54825,0.54825,0.54825,0.54825,0.47498,0.47498,0.47498,0.47498,-0.19383,-0.19383,-0.19383,-0.19383,0.00084,0.00084,0.00084,0.00084,0.08931
0.0175,0.01726,0.01726,0.01726,0.01726,-0.34882,-0.34882,-0.34882,-0.34882,0.78222,0.78222,0.78222,0.78222,0.28909,0.28909,0.28909,0.28909,0.79204,0.79204,0.79204,0.79204,-0.28154,-0.28154,-0.28154,-0.28154,-0.1356,-0.1356,-0.1356,-0.1356,-0.1356
0.0125,0.0125,0.0125,-0.20999,-0.20999,-0.20999,-0.20999,0.37559,0.37559,0.37559,0.37559,0.23467,0.23467,0.23467,0.23467,0.3034,0.3034,0.3034,0.3034,-0.03668,-0.03668,-0.03668,-0.03668,-0.44413,-0.44413,-0.44413,-0.44413,-0.0737,-0.0737,-0.0737
0.0353,0.0353,0.0353,0.0353,-0.22687,-0.22687,-0.22687,-0.22687,0.26917,0.26917,0.26917,0.26917,0.64445,0.64445,0.64445,0.64445,-0.45451,-0.45451,-0.45451,-0.45451,0.18192,0.18192,0.18192,0.18192,-0.05218,-0.05218,-0.05218,-0.05218,-0.08132,-0.08132
-0.01234,-0.01234,-0.01234,-0.01234,-0.22027,-0.22027,-0.22027,-0.22027,0.33034,0.33034,0.33034,0.33034,0.21363,0.21363,0.21363,0.21363,0.23442,0.23442,0.23442,0.23442,-0.24118,-0.24118,-0.24118,-0.24118,-0.34773,-0.34773,-0.34773,-0.34773,-0.34773,-0.13289
0.01017,0.01017,-0.01548,-0.01548,-0.01548,-0.01548,-0.14291,-0.14291,-0.14291,-0.14291,0.30231,0.30231,0.30231,0.30231,-0.25321,-0.25321,-0.25321,-0.25321,0.42809,0.42809,0.42809,0.42809,0.0184,0.0184,0.0184,0.0184,-0.07597,-0.07597,-0.07597,-0.07597
-0.01636,-0.01636,-0.01636,-0.01636,-0.01636,-0.049,-0.049,-0.049,-0.049,0.4378,0.4378,0.4378,0.4378,-0.19068,-0.19068,-0.19068,-0.19068,-0.09858,-0.09858,-0.09858,-0.09858,-0.29448,-0.29448,-0.29448,-0.29448,0.13778,0.13778,0.13778,0.13778,-0.21326
-0.02371,-0.02371,-0.02371,0.01231,0.01231,0.01231,0.01231,0.03266,0.03266,0.03266,0.03266,-0.1208,-0.1208,-0.1208,-0.1208,0.31652,0.31652,0.31652,0.31652,0.74868,0.74868,0.74868,0.74868,-0.37352,-0.37352,-0.37352,-0.37352,0.04686,0.04686,0.04686
0.03469,-0.00553,-0.00553,-0.00553,-0.00553,0.05303,0.05303,0.05303,0.05303,-0.15566,-0.15566,-0.15566,-0.15566,0.46566,0.46566,0.46566,0.46566,0.46566,0.41248,0.41248,0.41248,0.41248,-0.15325,-0.15325,-0.15325,-0.15325,0.17795,0.17795,0.17795,0.17795
-0.00503,-0.00503,-0.01376,-0.01376,-0.01376,-0.01376,-0.30629,-0.30629,-0.30629,-0.30629,0.52508,0.52508,0.52508,0.52508,0.81157,0.81157,0.81157,0.81157,0.24032,0.24032,0.24032,0.24032,0.24032,-0.19548,-0.19548,-0.19548,-0.19548,0.01383,0.01383,0.01383
0.01669,-0.01309,-0.01309,-0.01309,-0.01309,-0.16939,-0.16939,-0.16939,-0.16939,0.09424,0.09424,0.09424,0.09424,0.75259,0.75259,0.75259,0.75259,0.03226,0.03226,0.03226,0.03226,0.2475,0.2475,0.2475,0.2475,0.01832,0.01832,0.01832,0.01832,-0.18463
0.00551,0.00551,0.00551,0.00551,-0.03925,-0.03925,-0.03925,-0.03925,-0.1722,-0.1722,-0.1722,-0.1722,0.30975,0.30975,0.30975,0.30975,0.06262,0.06262,0.06262,0.06262,0.35882,0.35882,0.35882,0.35882,-0.04796,-0.04796,-0.04796,-0.04796,-0.10218,-0.10218
0.00119,0.02849,0.02849,0.02849,0.02849,-0.06927,-0.06927,-0.06927,-0.06927,0.25289,0.25289,0.25289,0.25289,0.13729,0.13729,0.13729,0.13729,-0.03678,-0.03678,-0.03678,-0.03678,-0.16265,-0.16265,-0.16265,-0.16265,-0.12203,-0.12203,-0.12203,-0.12203,-0.21331
-0.03387,-0.03387,-0.03387,-0.03387,-0.15922,-0.15922,-0.15922,-0.15922,0.0531,0.0531,0.0531,0.0531,-0.17842,-0.17842,-0.17842,-0.17842,-0.17842,1.0728,1.0728,1.0728,1.0728,-0.32095,-0.32095,-0.32095,-0.18403,-0.18403,-0.18403,-0.18403,-0.18403,-0.03139
0.0238,0.0238,0.0238,-0.04635,-0.04635,-0.04635,-0.04635,0.01952,0.01952,0.01952,0.27779,0.27779,0.27779,0.27779,0.27779,-0.71288,-0.71288,-0.71288,-0.71288,0.95804,0.95804,0.95804,0.95804,0.95804,-0.27204,-0.27204,-0.27204,-0.40784,-0.40784,-0.40784
-0.01571,-0.02654,-0.02654,-0.02654,-0.12913,-0.12913,-0.12913,-0.12913,-0.12913,-0.02328,-0.02328,-0.02328,-0.02328,-0.14888,-0.14888,-0.14888,0.54576,0.54576,0.54576,0.54576,0.15473,0.15473,0.15473,0.15473,0.04403,0.04403,0.04403,0.04403,0.04403,0.00643
0.00412,0.00412,0.00412,0.00412,-0.00968,-0.00968,-0.00968,-0.00968,0.34102,0.34102,0.34102,0.34102,-0.13881,-0.13881,-0.13881,-0.13881,-0.21539,-0.21539,-0.21539,-0.21539,0.54104,0.54104,0.54104,0.54104,-0.3423,-0.3423,-0.3423,-0.3423,-0.06429,-0.06429
-0.0126,-0.0126,-0.0126,-0.03883,-0.03883,-0.03883,-0.03883,0.20466,0.20466,0.20466,0.20466,0.21551,0.21551,0.21551,0.21551,-0.05835,-0.05835,-0.05835,-0.05835,-0.08867,-0.08867,-0.08867,-0.08867,-0.0498,-0.0498,-0.0498,-0.0498,-0.03315,-0.03315,-0.03315
-0.00011,-0.0311,-0.0311,-0.0311,-0.0311,0.16854,0.16854,0.16854,0.16854,0.06072,0.06072,0.06072,0.06072,0.22957,0.22957,0.22957,0.22957,0.22957,-0.00618,-0.00618,-0.00618,-0.00618,-0.06206,-0.06206,-0.06206,-0.06206,-0.17135,-0.17135,-0.17135,-0.17135
-0.00483,-0.00483,-0.00152,-0.00152,-0.00152,-0.00152,-0.13403,-0.13403,-0.13403,-0.13403,-0.00249,-0.00249,-0.00249,-0.00249,0.76017,0.76017,0.76017,0.76017,0.76017,-0.28281,-0.28281,-0.28281,-0.28281,0.08153,0.08153,0.08153,0.08153,0.00673,0.00673,0.00673
0.02511,-0.00913,-0.00913,-0.00913,-0.00913,-0.08432,-0.08432,-0.08432,-0.08432,0.18807,0.18807,0.18807,0.18807,0.01942,0.01942,0.01942,0.01942,0.16673,0.16673,0.16673,0.16673,0.30832,0.30832,0.30832,0.30832,-0.16498,-0.16498,-0.16498,-0.16498,0.12194
-0.01888,-0.01888,-0.01888,-0.01888,-0.06252,-0.06252,-0.06252,-0.06252,0.05247,0.05247,0.05247,0.05247,-0.10834,-0.10834,-0.10834,-0.10834,0.41402,0.41402,0.41402,0.41402,-0.20049,-0.20049,-0.20049,-0.20049,0.23481,0.23481,0.23481,0.23481,-0.02804,-0.02804
-0.00128,0.01236,0.01236,0.01236,0.01236,-0.09231,-0.09231,-0.09231,-0.09231,0.05089,0.05089,0.05089,0.05089,-0.15616,-0.15616,-0.15616,-0.15616,0.96943,0.96943,0.96943,-0.03469,-0.03469,-0.03469,-0.03469,-0.03469,-0.10125,-0.10125,-0.10125,-0.10125,0.01571
-0.00829,-0.00829,-0.01247,-0.01247,-0.01247,-0.01247,0.05503,0.05503,0.05503,0.05503,0.25508,0.25508,0.25508,0.25508,-0.67248,-0.67248,-0.67248,-0.67248,-0.67248,0.31284,0.31284,0.31284,0.31284,0.13491,0.13491,0.13491,-0.17625,-0.17625,-0.17625,-0.17625
0.0213,0.0213,0.01813,0.01813,0.01813,0.01813,0.10393,0.10393,0.10393,0.10393,-0.08509,-0.08509,-0.08509,-0.08509,-0.0876,-0.0876,-0.0876,-0.0876,0.72472,0.72472,0.72472,0.72472,-0.02174,-0.02174,-0.02174,-0.02174,-0.18262,-0.18262,-0.18262,-0.18262
0.08511,0.08511,-0.03764,-0.03764,-0.03764,-0.03764,-0.03764,-0.12089,-0.12089,-0.12089,0.17547,0.17547,0.17547,0.17547,-0.80463,-0.80463,-0.80463,-0.80463,0.85716,0.85716,0.85716,0.85716,-0.03279,-0.03279,-0.03279,-0.03279,-0.07798,-0.07798,-0.07798,-0.07798
-0.0073,-0.0073,0.01093,0.01093,0.01093,0.01093,-0.10306,-0.10306,-0.10306,-0.10306,0.18004,0.18004,0.18004,0.18004,-0.14191,-0.14191,-0.14191,-0.14191,0.3379,0.3379,0.3379,0.3379,-0.15846,-0.15846,-0.15846,-0.15846,-0.0235,-0.0235,-0.0235,-0.0235
0.01603,0.01603,-0.02127,-0.02127,-0.02127,-0.02127,-0.07701,-0.07701,-0.07701,-0.07701,0.1796,0.1796,0.1796,0.11965,0.11965,0.11965,0.11965,0.11965,0.01704,0.01704,0.01704,-0.09684,-0.09684,-0.09684,-0.09684,-0.09684,0.3081,0.3081,0.3081,0.3081
0.01516,0.01516,0.00861,0.00861,0.00861,0.00861,-0.11464,-0.11464,-0.11464,-0.11464,0.40922,0.40922,0.40922,0.40922,-0.17248,-0.17248,-0.17248,-0.17248,-0.23954,-0.23954,-0.23954,-0.23954,0.41435,0.41435,0.41435,0.41435,0.06391,0.06391,0.06391,0.06391
0.01054,0.01054,-0.04008,-0.04008,-0.04008,-0.04008,-0.00638,-0.00638,-0.00638,-0.00638,0.19457,0.19457,0.19457,0.19457,-0.12499,-0.12499,-0.12499,-0.12499,0.2089,0.2089,0.2089,0.2089,-0.0703,-0.0703,-0.0703,-0.0703,-0.16185,-0.16185,-0.16185,-0.16185
0.01527,0.01527,0.01527,0.01527,-0.08519,-0.08519,-0.08519,-0.08519,0.16971,0.16971,0.16971,0.16971,0.0098,0.0098,0.0098,0.0081,0.0081,0.0081,0.0081,0.37525,0.37525,0.37525,0.37525,0.37525,-0.40697,-0.40697,-0.40697,-0.40697,-0.03437,-0.03437
-0.0024,-0.0024,-0.0024,-0.01529,-0.01529,-0.01529,-0.01529,-0.00377,-0.00377,-0.00377,-0.00377,-0.00377,0.1783,0.1783,0.1783,0.1783,-0.65106,-0.65106,-0.65106,0.19332,0.19332,0.19332,0.19332,0.19332,0.15906,0.15906,0.15906,0.15906,-0.10284,-0.10284
-0.00358,0.00793,0.00793,0.00793,0.00793,-0.13255,-0.13255,-0.13255,-0.13255,0.03135,0.03135,0.03135,0.03135,-0.0597,-0.0597,-0.0597,-0.0597,0.51767,0.51767,0.51767,0.51767,0.0793,0.0793,0.0793,0.0793,0.20216,0.20216,0.20216,0.20216,0.01719
-0.0147,-0.0147,-0.0147,-0.10054,-0.10054,-0.10054,-0.10054,0.29032,0.29032,0.29032,0.29032,0.04402,0.04402,0.04402,0.04402,-0.22733,-0.22733,-0.22733,-0.22733,0.11316,0.11316,0.11316,0.11316,0.10297,0.10297,0.10297,0.10297,-0.09896,-0.09896,-0.09896
-0.01044,-0.01044,-0.01044,-0.24257,-0.24257,-0.24257,-0.24257,0.23446,0.23446,0.23446,0.23446,0.23446,0.3533,0.3533,0.3533,0.3533,-0.18586,-0.18586,-0.18586,-0.18586,0.48941,0.48941,0.48941,0.48941,0.10028,0.10028,0.10028,0.10028,0.05133,0.05133
-0.00848,-0.00848,-0.00848,-0.00848,-0.16259,-0.16259,-0.16259,-0.16259,0.39776,0.39776,0.39776,0.39776,0.11932,0.11932,0.11932,0.11932,-0.01966,-0.01966,-0.01966,-0.01966,0.32269,0.32269,0.32269,0.32269,-0.17488,-0.17488,-0.17488,-0.17488,-0.23913,-0.23913
0.00183,0.00183,0.00183,-0.01511,-0.01511,-0.01511,-0.01511,0.16007,0.16007,0.16007,0.16007,0.04209,0.04209,0.04209,0.04209,-0.50686,-0.50686,-0.50686,-0.50686,0.24892,0.24892,0.24892,0.24892,-0.09525,-0.09525,-0.09525,-0.09525,-0.00556,-0.00556,-0.00556
-0.00375,-0.00375,-0.00375,-0.00375,-0.01453,-0.01453,-0.01453,-0.01453,0.29972,0.29972,0.29972,0.29972,-0.00947,-0.00947,-0.00947,-0.00947,-0.02922,-0.02922,-0.02922,-0.02922,-0.07519,-0.07519,-0.07519,-0.07519,-0.07519,-0.06594,-0.06594,-0.06594,-0.16136,-0.16136
0.00208,0.00208,0.00208,-0.00703,-0.00703,-0.00703,-0.00703,0.22501,0.22501,0.22501,0.22501,-0.03353,-0.03353,-0.03353,-0.03353,0.00734,0.00734,0.00734,0.00734,-0.21021,-0.21021,-0.21021,-0.21021,0.06052,0.06052,0.06052,0.06052,-0.14483,-0.14483,-0.14483
0.00753,0.01334,0.01334,0.01334,0.01334,-0.07479,-0.07479,-0.07479,-0.07479,-0.1018,-0.1018,-0.1018,-0.1018,0.3572,0.3572,0.3572,0.3572,0.11534,0.11534,0.11534,0.11534,0.03792,0.03792,0.03792,0.03792,0.02762,0.02762,0.02762,0.02762,0.02762
0.0077,0.0077,0.0077,0.0077,-0.01675,-0.01675,-0.01675,-0.01675,0.00616,0.00616,0.00616,0.00616,0.19636,0.19636,0.19636,0.19636,0.16933,0.16933,0.16933,0.16933,-0.14381,-0.14381,-0.14381,-0.14381,-0.09897,-0.09897,-0.09897,-0.09897,-0.00201,-0.00201
0.01386,0.01386,-0.00636,-0.00636,-0.00636,-0.00636,0.01658,0.01658,0.01658,0.01658,-0.06032,-0.06032,-0.06032,-0.06032,0.35932,0.35932,0.35932,0.35932,-0.08269,-0.08269,-0.08269,-0.08269,0.11178,0.11178,0.11178,0.11178,-0.09907,-0.09907,-0.09907,-0.09907
-0.02504,-0.02504,-0.02061,-0.02061,-0.02061,-0.02061,0.22514,0.22514,0.22514,0.22514,0.22514,-0.17094,-0.17094,-0.17094,-0.17094,-0.17094,0.15922,0.15922,0.15922,-0.08754,-0.08754,-0.08754,-0.08754,-0.19309,-0.19309,-0.19309,-0.19309,-0.10188,-0.10188,-0.10188
0.0024,0.0024,0.0024,0.0024,-0.04174,-0.04174,-0.04174,-0.04174,0.10168,0.10168,0.10168,0.10168,0.0693,0.0693,0.0693,0.0693,0.03399,0.03399,0.03399,0.03399,0.3417,0.3417,0.3417,0.3417,-0.34333,-0.34333,-0.34333,-0.34333,-0.05434,-0.05434
0.01349,0.01349,0.01349,0.01349,-0.03917,-0.03917,-0.03917,-0.03917,-0.03917,0.25765,0.25765,0.25765,-0.10055,-0.10055,-0.10055,-0.10055,0.07894,0.07894,0.07894,0.07894,0.07894,-0.05942,-0.05942,-0.05942,0.00443,0.00443,0.00443,0.00443,-0.07409,-0.07409
-0.01002,0.01846,0.01846,0.01846,0.01846,0.01846,0.05814,0.05814,0.05814,0.05814,0.02633,0.02633,0.02633,0.02633,-0.36578,-0.36578,-0.36578,-0.36578,0.32285,0.32285,0.32285,0.32285,-0.21309,-0.21309,-0.21309,0.22303,0.22303,0.22303,0.22303,-0.11199
0.02072,0.02072,-0.00167,-0.00167,-0.00167,-0.00167,-0.11529,-0.11529,-0.11529,0.30426,0.30426,0.30426,0.30426,-0.05356,-0.05356,-0.05356,-0.05356,-0.3424,-0.3424,-0.3424,-0.3424,-0.3424,0.42078,0.42078,0.42078,0.42078,-0.03538,-0.03538,-0.03538,-0.03538
0.01537,-0.02985,-0.02985,-0.02985,-0.02985,-0.1332,-0.1332,-0.1332,-0.1332,0.24917,0.24917,0.24917,0.24917,0.24917,0.0338,0.0338,0.0338,0.0338,0.5134,0.5134,0.5134,0.5134,-0.31065,-0.31065,-0.31065,-0.31065,-0.01504,-0.01504,-0.01504,-0.01504
0.02505,0.02505,-0.0446,-0.0446,-0.0446,-0.0446,0.02148,0.02148,0.02148,0.02148,0.20235,0.20235,0.20235,0.20235,-0.43149,-0.43149,-0.43149,-0.43149,0.44053,0.44053,0.44053,0.44053,0.44053,-0.02379,-0.02379,-0.02379,-0.2225,-0.2225,-0.2225,-0.2225
0.00108,0.00108,0.0355,0.0355,0.0355,0.0355,0.14232,0.14232,0.14232,0.14232,0.14232,0.1077,0.1077,0.1077,0.1077,-0.26998,-0.26998,-0.26998,-0.26998,0.01416,0.01416,0.01416,0.01416,-0.13221,-0.13221,-0.13221,-0.13221,-0.0596,-0.0596,-0.0596
0.0213,0.0213,-0.02057,-0.02057,-0.02057,-0.02057,0.00618,0.00618,0.00618,0.00618,0.11545,0.11545,0.11545,0.11545,-0.00021,-0.00021,-0.00021,-0.00021,-0.41719,-0.41719,-0.41719,-0.41719,0.62353,0.62353,0.62353,0.62353,-0.12047,-0.12047,-0.12047,-0.12047
-0.0134,-0.0134,-0.0134,-0.0134,0.00588,0.00588,0.00588,0.00588,0.11716,0.11716,0.11716,0.11716,0.01705,0.01705,0.01705,0.01705,-0.56783,-0.56783,-0.56783,-0.56783,0.56617,0.56617,0.56617,0.56617,-0.19505,-0.19505,-0.19505,-0.19505,0.00733,0.00733
-0.00181,-0.00181,-0.00181,0.01309,0.01309,0.01309,0.01309,-0.05558,-0.05558,-0.05558,-0.05558,0.21391,0.21391,0.21391,0.21391,-0.4134,-0.4134,-0.4134,-0.4134,0.48575,0.48575,0.48575,0.48575,-0.1309,-0.1309,-0.1309,-0.1309,-0.07423,-0.07423,-0.07423
0.00018,0.01988,0.01988,0.01988,0.01988,-0.20444,-0.20444,-0.20444,-0.20444,0.46443,0.46443,0.46443,0.46443,-0.82571,-0.82571,-0.82571,-0.82571,0.36693,0.36693,0.36693,0.36693,-0.08448,-0.08448,-0.08448,-0.08448,0.06508,0.06508,0.06508,0.06508,-0.18663
-0.00782,-0.00782,-0.00782,-0.00782,0.00616,0.00616,0.00616,0.00616,0.03769,0.03769,0.03769,0.03769,-0.01542,-0.01542,-0.01542,-0.01542,-0.25149,-0.25149,-0.25149,-0.25149,0.00669,0.00669,0.00669,0.00669,0.68739,0.68739,0.68739,0.68739,0.12946,0.12946
-0.00382,-0.00382,-0.00382,0.00758,0.00758,0.00758,0.00758,0.00758,-0.03959,-0.03959,-0.03959,-0.05328,-0.05328,-0.05328,-0.05328,-0.39451,-0.39451,-0.39451,-0.39451,1.11524,1.11524,1.11524,1.11524,0.02372,0.02372,0.02372,0.02372,0.26952,0.26952,0.26952
0.02426,0.02426,0.02522,0.02522,0.02522,0.02522,0.02448,0.02448,0.02448,0.02448,-0.0627,-0.0627,-0.0627,-0.0627,-0.90738,-0.90738,-0.90738,-0.90738,1.20673,1.20673,1.20673,1.20673,1.20673,-0.12459,-0.12459,-0.12459,-0.12459,0.15356,0.15356,0.15356
0.00067,0.01939,0.01939,0.01939,0.01939,-0.04142,-0.04142,-0.04142,-0.04142,0.18546,0.18546,0.18546,0.18546,-0.06488,-0.06488,-0.06488,-0.06488,-0.04088,-0.04088,-0.04088,-0.04088,-0.21567,-0.21567,-0.21567,-0.21567,-0.21567,0.16928,0.16928,0.16928,0.16928
0.00702,0.00702,-0.005,-0.005,-0.005,-0.005,-0.20765,-0.20765,-0.20765,-0.20765,0.24859,0.24859,0.24859,0.24859,-0.11321,-0.11321,-0.11321,-0.11321,-0.00609,-0.00609,-0.00609,-0.00609,0.25257,0.25257,0.25257,0.25257,0.25182,0.25182,0.25182,0.25182
-0.01668,-0.01668,-0.01668,-0.01668,-0.08797,-0.08797,-0.08797,-0.08797,0.22452,0.22452,0.22452,0.22452,0.07009,0.07009,0.07009,0.07009,0.18855,0.18855,0.18855,0.18855,-0.40583,-0.40583,-0.40583,-0.40583,0.16101,0.16101,0.16101,0.16101,-0.11778,-0.11778
0.00502,0.00383,0.00383,0.00383,0.00383,0.00383,-0.14223,-0.14223,-0.14223,0.16948,0.16948,0.16948,0.16948,0.16948,-0.02703,-0.02703,-0.02703,-0.02703,0.50132,0.50132,0.50132,0.50132,-0.09975,-0.09975,-0.09975,-0.09975,-0.06362,-0.06362,-0.06362,-0.06362
-0.02231,-0.00755,-0.00755,-0.00755,-0.00755,-0.13859,-0.13859,-0.13859,-0.13859,0.28409,0.28409,0.28409,0.28409,-0.49111,-0.49111,-0.49111,-0.49111,0.36755,0.36755,0.36755,0.36755,-0.02769,-0.02769,-0.02769,-0.02769,0.06621,0.06621,0.06621,0.06621,-0.02771
-0.17134,0.37121,0.37121,0.37121,0.37121,0.02849,0.02849,0.02849,0.02849,-0.43932,-0.43932,-0.43932,-0.43932,0.29023,0.29023,0.29023,0.29023,-0.07579,-0.07579,-0.07579,-0.07579,-0.01584,-0.01584,-0.01584,-0.01584,-0.01584,-0.11733,-0.11733,-0.11733,-0.11733
-0.0115,0.01637,0.01637,0.01637,0.01637,-0.13544,-0.13544,-0.13544,-0.13544,0.36102,0.36102,0.36102,0.36102,-0.17785,-0.17785,-0.17785,-0.17785,-0.65197,-0.65197,-0.65197,0.62338,0.62338,0.62338,0.62338,-0.14112,-0.14112,-0.14112,-0.14112,0.03681,0.03681
0.01144,0.01144,0.01144,-0.00448,-0.00448,-0.00448,-0.00448,-0.32287,-0.32287,-0.32287,-0.32287,0.21605,0.21605,0.21605,0.21605,0.19855,0.19855,0.19855,0.19855,-0.23304,-0.23304,-0.23304,-0.23304,0.27275,0.27275,0.27275,0.27275,0.06997,0.06997,0.06997
0.02621,0.02621,0.02621,0.02621,-0.38161,-0.38161,-0.38161,-0.38161,1.11993,1.11993,1.11993,1.11993,0.1063,0.1063,0.1063,0.1063,0.1063,0.1063,-0.27792,-0.27792,-0.27792,0.58678,0.58678,0.58678,0.58678,-0.36267,-0.36267,-0.36267,-0.36267,-0.36267
0.03718,0.03718,0.03718,0.03718,-0.01703,-0.01703,-0.01703,-0.01703,-0.1436,-0.1436,-0.1436,-0.1436,0.30183,0.30183,0.30183,0.30183,-0.03158,-0.03158,-0.03158,-0.03158,-0.44056,-0.44056,-0.44056,-0.44056,0.54531,0.54531,0.54531,0.54531,0.07248,0.07248
0.01356,-0.01366,-0.01366,-0.01366,-0.01366,0.02474,0.02474,0.02474,0.02474,0.20793,0.20793,0.20793,0.20793,0.02595,0.02595,0.02595,0.02595,-0.95614,-0.95614,-0.95614,-0.95614,0.66381,0.66381,0.66381,0.66381,-0.01944,-0.01944,-0.01944,-0.01944,-0.07628
0.01294,0.00066,0.00066,0.00066,0.00066,-0.08282,-0.08282,-0.08282,-0.08282,0.36047,0.36047,0.36047,0.36047,-0.0334,-0.0334,-0.0334,-0.0334,-0.5191,-0.5191,-0.5191,-0.5191,-0.09128,-0.09128,-0.09128,-0.09128,0.2148,0.2148,0.2148,0.2148,0.2148
0.01091,-0.0092,-0.0092,-0.0092,-0.0092,-0.1232,-0.1232,-0.1232,-0.1232,0.66045,0.66045,0.66045,0.66045,-0.08986,-0.08986,-0.08986,-0.08986,-0.96351,-0.96351,-0.96351,-0.96351,-0.23545,-0.23545,-0.23545,-0.23545,0.10871,0.10871,0.10871,0.10871,0.07023
0.00511,0.00511,0.00511,0.00511,0.05396,0.05396,0.05396,0.05396,0.15082,0.15082,0.15082,0.15082,-0.00836,-0.00836,-0.00836,-0.00836,-0.2894,-0.2894,-0.2894,-0.2894,-0.14598,-0.14598,-0.14598,-0.14598,0.32916,0.32916,0.32916,0.32916,0.09863,0.09863
0.01085,0.01085,-0.00477,-0.00477,-0.00477,-0.00477,-0.09299,-0.09299,-0.09299,-0.09299,0.15169,0.15169,0.15169,0.15169,0.17297,0.17297,0.17297,0.17297,-0.43188,-0.43188,-0.43188,-0.43188,0.35445,0.35445,0.35445,0.35445,0.43957,0.43957,0.43957,0.43957
0.0084,0.0084,0.0084,-0.04331,-0.04331,-0.04331,-0.04331,0.06009,0.06009,0.06009,0.06009,0.0483,0.0483,0.0483,0.0483,-0.41417,-0.41417,-0.41417,-0.41417,-0.12592,-0.12592,-0.12592,-0.12592,0.23651,0.23651,0.23651,0.23651,0.44405,0.44405,0.44405
0.02081,-0.01141,-0.01141,-0.01141,-0.01141,-0.01336,-0.01336,-0.01336,-0.01336,0.41766,0.41766,0.41766,0.41766,-0.20952,-0.20952,-0.20952,-0.20952,-0.42281,-0.42281,-0.42281,-0.42281,0.07209,0.07209,0.07209,0.07209,0.51312,0.51312,0.51312,0.51312,0.51312
0.01372,0.01372,0.00522,0.00522,0.00522,0.00522,0.00405,0.00405,0.00405,0.00405,0.42646,0.42646,0.42646,0.42646,-0.27774,-0.27774,-0.27774,-0.27774,-0.39776,-0.39776,-0.39776,-0.39776,0.02914,0.02914,0.02914,0.02914,0.35892,0.35892,0.35892,0.35892
-0.00411,-0.00411,-0.00411,-0.00411,0.00137,0.00137,0.00137,0.0389,0.0389,0.0389,0.0389,0.0389,-0.05004,-0.05004,-0.05004,-0.05004,0.18431,0.18431,0.18431,0.13966,0.13966,0.13966,0.13966,0.13966,-0.15047,-0.15047,-0.15047,-0.15047,0.08045,0.08045
0.04384,0.04384,0.04384,-0.08707,-0.08707,-0.08707,-0.08707,-0.08707,-0.254,-0.254,-0.254,-0.254,0.17067,0.17067,0.17067,0.17067,0.30735,0.30735,0.30735,0.30735,0.25412,0.25412,0.25412,0.25412,0.49891,0.49891,0.49891,0.49891,0.16641,0.16641
0.01758,0.01758,0.00249,0.00249,0.00249,0.00249,0.02121,0.02121,0.02121,0.02121,-0.02549,-0.02549,-0.02549,-0.02549,-0.09966,-0.09966,-0.09966,-0.09966,-0.09966,0.0727,0.0727,0.0727,0.71895,0.71895,0.71895,0.71895,0.0819,0.0819,0.0819,0.0819
-0.00599,-0.00599,-0.00599,0.00315,0.00315,0.00315,0.00315,-0.11383,-0.11383,-0.11383,-0.11383,0.11853,0.11853,0.11853,-0.10703,-0.10703,-0.10703,-0.10703,-0.39209,-0.39209,-0.39209,-0.39209,0.89499,0.89499,0.89499,0.89499,-0.02894,-0.02894,-0.02894,-0.02894
0.01776,0.01776,-0.00098,-0.00098,-0.00098,-0.00098,-0.01734,-0.01734,-0.01734,-0.01734,-0.01734,0.02371,0.02371,0.02371,0.02371,0.06942,0.06942,0.06942,-0.32943,-0.32943,-0.32943,-0.32943,-0.32943,0.2841,0.2841,0.2841,0.2841,0.55893,0.55893,0.55893
0.00918,0.00918,0.00918,0.00918,0.05254,0.05254,0.05254,0.05254,-0.05132,-0.05132,-0.05132,-0.05132,0.07266,0.07266,0.07266,0.07266,-0.35964,-0.35964,-0.35964,-0.35964,0.36174,0.36174,0.36174,0.36174,0.43243,0.43243,0.43243,0.43243,-0.00148,-0.00148
0.00044,0.00044,0.00044,0.00044,-0.08822,-0.08822,-0.08822,-0.08822,0.1025,0.1025,0.1025,0.1025,0.07094,0.07094,0.07094,0.07094,-0.50288,-0.50288,-0.50288,-0.50288,0.31524,0.31524,0.31524,0.31524,0.31524,0.415,0.415,0.415,0.415,-0.01462
0.01337,-0.00596,-0.00596,-0.00596,-0.04178,-0.04178,-0.04178,-0.04178,0.01215,0.01215,0.01215,0.01215,0.15645,0.15645,0.15645,0.15645,-0.29122,-0.29122,-0.29122,-0.29122,-0.29122,0.06208,0.06208,0.06208,0.06208,0.59249,0.59249,0.59249,0.59249,0.0993
