-0.01994,-0.00162,-0.00162,-0.00162,-0.00162,0.00341,0.00341,0.00341,0.00341,0.01153,0.01153,0.01153,-0.36296,-0.36296,-0.36296,-0.36296,-0.36296,-0.07463,-0.07463,-0.07463,0.499,0.499,0.499,0.499,0.499,-0.08348,-0.08348,-0.08348,-0.08348,-0.09711
-0.13158,-0.13158,-0.13158,-0.13158,-0.13158,-0.02675,-0.02675,-0.02675,0.11227,0.11227,0.11227,0.11227,0.16248,0.16248,0.16248,0.16248,0.14871,0.14871,0.14871,0.14871,0.00627,0.00627,0.00627,0.00627,0.03395,0.03395,0.03395,0.03395,0.03395,0.05473
0.01638,0.01638,0.01638,-0.11663,-0.11663,-0.11663,-0.11663,-0.11663,-0.1251,-0.1251,-0.1251,-0.1251,0.01696,0.01696,0.01696,0.01696,0.5128,0.5128,0.5128,0.5128,0.22455,0.22455,0.22455,0.22455,-0.08027,-0.08027,-0.08027,-0.08027,0.10361,0.10361
-0.025,-0.025,-0.025,-0.1011,-0.1011,-0.1011,-0.1011,0.19415,0.19415,0.19415,-0.11811,-0.11811,-0.11811,-0.11811,-0.11811,-0.19524,-0.19524,-0.19524,-0.19524,-0.19524,0.28958,0.28958,0.28958,0.14863,0.14863,0.14863,0.14863,-0.12555,-0.12555,-0.12555
-0.00661,-0.01857,-0.01857,-0.01857,-0.00706,-0.00706,-0.00706,-0.00706,-0.15297,-0.15297,-0.15297,-0.15297,-0.03174,-0.03174,-0.03174,-0.03174,-0.03174,0.21838,0.21838,0.21838,0.41986,0.41986,0.41986,0.41986,0.41986,-0.13564,-0.13564,-0.13564,-0.13564,0.09913
-0.08198,-0.08198,-0.08198,-0.08198,-0.08198,0.19265,0.19265,0.19265,0.19265,-0.04844,-0.04844,-0.04844,-0.04844,-0.32504,-0.32504,-0.32504,-0.32504,0.26681,0.26681,0.26681,0.26681,0.12067,0.12067,0.12067,0.12067,-0.18009,-0.18009,-0.18009,-0.18009,-0.01933
-0.00248,-0.00248,-0.00248,0.01199,0.01199,0.01199,-0.09162,-0.09162,-0.09162,-0.09162,0.07832,0.07832,0.07832,0.07832,-0.05219,-0.05219,-0.05219,-0.05219,-0.23877,-0.23877,-0.23877,-0.23877,0.64168,0.64168,0.64168,0.64168,0.64168,-0.38067,-0.38067,-0.38067
-0.00299,0.00136,0.00136,0.00136,0.00136,0.00136,-0.10802,-0.10802,-0.10802,0.19629,0.19629,0.19629,0.19629,0.19629,-0.31497,-0.31497,-0.31497,-0.31497,-0.05665,-0.05665,-0.05665,-0.05665,0.27545,0.27545,0.27545,-0.15976,-0.15976,-0.15976,-0.15976,-0.15976
-0.02891,-0.02891,0.00432,0.00432,0.00432,0.00432,-0.23453,-0.23453,-0.23453,-0.23453,0.03216,0.03216,0.03216,0.03216,0.07738,0.07738,0.07738,0.07738,0.07738,-0.03563,-0.03563,-0.03563,0.48129,0.48129,0.48129,0.48129,0.15321,0.15321,0.15321,0.15321
-0.02385,-0.1843,-0.1843,-0.1843,-0.1843,-0.1843,0.09597,0.09597,0.09597,0.09597,-0.02541,-0.02541,-0.02541,-0.02541,-0.289,-0.289,-0.289,-0.289,0.53544,0.53544,0.53544,0.53544,0.02738,0.02738,0.02738,0.02738,-0.12977,-0.12977,-0.12977,-0.12977
-0.13501,-0.13501,-0.13501,-0.0567,-0.0567,-0.0567,-0.0567,0.18098,0.18098,0.18098,0.18098,0.18098,-0.18317,-0.18317,-0.18317,0.36051,0.36051,0.36051,0.36051,0.07749,0.07749,0.07749,0.07749,-0.03605,-0.03605,-0.03605,-0.03605,0.05523,0.05523,0.05523
-0.19016,-0.19016,-0.19016,0.08933,0.08933,0.08933,0.08933,0.08933,0.10531,0.10531,0.10531,0.10531,-0.11254,-0.11254,-0.11254,-0.11254,0.24586,0.24586,0.24586,0.24586,0.01669,0.01669,0.01669,0.01602,0.01602,0.01602,0.01602,0.01602,0.04804,0.04804
0.06463,0.06463,0.06463,-0.0991,-0.0991,-0.0991,-0.0991,-0.0015,-0.0015,-0.0015,-0.0015,0.09122,0.09122,0.09122,-0.05618,-0.05618,-0.05618,-0.05618,-0.05618,-0.20251,-0.20251,-0.20251,-0.20251,0.3781,0.3781,0.3781,0.3781,-0.28489,-0.28489,-0.28489
0.0233,0.0233,0.0233,0.00121,0.00121,0.00121,-0.18535,-0.18535,-0.18535,-0.18535,0.2713,0.2713,0.2713,0.2713,0.08897,0.08897,0.08897,0.08897,-0.01368,-0.01368,-0.01368,-0.01368,0.09697,0.09697,0.09697,0.09697,0.09697,-0.02424,-0.02424,-0.02424
0.01364,-0.12859,-0.12859,-0.12859,-0.00141,-0.00141,-0.00141,-0.00141,-0.00141,0.03282,0.03282,0.03282,0.03282,0.25891,0.25891,0.25891,0.06493,0.06493,0.06493,0.06493,-0.13062,-0.13062,-0.13062,-0.13062,0.08917,0.08917,0.08917,0.08917,0.08917,0.01493
-0.10799,0.15615,0.15615,0.15615,0.15615,0.15615,-0.17657,-0.17657,-0.17657,-0.17657,0.02237,0.02237,0.02237,0.26668,0.26668,0.26668,0.26668,0.26668,0.0983,0.0983,0.0983,0.0983,-0.13947,-0.13947,-0.13947,0.1878,0.1878,0.1878,0.1878,0.01555
0.01809,0.01809,-0.13082,-0.13082,-0.13082,-0.13082,-0.13082,0.30278,0.30278,0.30278,0.30278,-0.10142,-0.10142,-0.10142,-0.28278,-0.28278,-0.28278,-0.28278,0.44675,0.44675,0.44675,0.44675,0.01166,0.01166,0.01166,0.01166,0.07218,0.07218,0.07218,0.07218
0.03287,-0.01625,-0.01625,-0.01625,-0.01625,0.06915,0.06915,0.06915,0.06915,-0.22715,-0.22715,-0.22715,-0.22715,0.01715,0.01715,0.01715,0.01715,0.59949,0.59949,0.59949,0.59949,0.59949,-0.19287,-0.19287,-0.19287,0.12814,0.12814,0.12814,0.12814,0.10913
0.02828,0.02828,0.02828,-0.00938,-0.00938,-0.00938,-0.00938,-0.00938,-0.24866,-0.24866,-0.24866,0.21391,0.21391,0.21391,0.21391,0.54694,0.54694,0.54694,0.54694,0.54694,-0.01974,-0.01974,-0.01974,0.1221,0.1221,0.1221,0.1221,0.18346,0.18346,0.18346
-0.16723,-0.16723,-0.03789,-0.03789,-0.03789,-0.03789,0.2269,0.2269,0.2269,0.2269,0.2269,-0.17072,-0.17072,-0.17072,-0.17072,0.33317,0.33317,0.33317,0.33317,0.47033,0.47033,0.47033,0.47033,-0.1485,-0.1485,-0.1485,0.11364,0.11364,0.11364,0.11364
0.03471,-0.16185,-0.16185,-0.16185,-0.16185,0.23784,0.23784,0.23784,0.23784,0.23784,-0.24249,-0.24249,-0.24249,0.30172,0.30172,0.30172,0.30172,0.0725,0.0725,0.0725,0.0725,0.17301,0.17301,0.17301,0.17301,0.17301,0.01545,0.01545,0.01545,0.02837
-0.00912,-0.16849,-0.16849,-0.16849,-0.16849,0.21805,0.21805,0.21805,0.21805,-0.33492,-0.33492,-0.33492,0.24475,0.24475,0.24475,0.24475,0.17009,0.17009,0.17009,0.17009,0.17009,-0.22254,-0.22254,-0.22254,-0.22254,0.09183,0.09183,0.09183,0.09183,-0.04791
-0.05377,-0.05377,-0.05377,-0.05377,-0.01412,-0.01412,-0.01412,-0.01412,-0.09692,-0.09692,-0.09692,-0.09692,0.17457,0.17457,0.17457,0.17457,0.31589,0.31589,0.31589,0.31589,-0.07681,-0.07681,-0.07681,-0.07681,0.09287,0.09287,0.09287,0.09287,0.06432,0.06432
-0.14173,-0.14173,-0.14173,0.12216,0.12216,0.12216,0.12216,0.09695,0.09695,0.09695,0.09695,0.09695,0.12704,0.12704,0.12704,-0.16801,-0.16801,-0.16801,-0.16801,-0.16801,0.43761,0.43761,0.43761,0.43761,-0.2369,-0.2369,-0.2369,-0.2369,0.09053,0.09053
0.02615,0.02615,0.02615,-0.05972,-0.05972,-0.05972,-0.05972,-0.14182,-0.14182,-0.14182,0.33937,0.33937,0.33937,0.33937,0.33937,0.05905,0.05905,0.05905,0.05905,0.20202,0.20202,0.20202,0.20202,-0.15778,-0.15778,-0.15778,0.11358,0.11358,0.11358,0.11358
0.05404,0.05404,0.05404,-0.10734,-0.10734,-0.10734,-0.10734,-0.10734,-0.19155,-0.19155,-0.19155,0.28613,0.28613,0.28613,0.28613,0.10883,0.10883,0.10883,0.10883,0.35734,0.35734,0.35734,0.35734,-0.05196,-0.05196,-0.05196,-0.05196,0.00657,0.00657,0.00657
0.06187,0.06187,0.06187,0.06187,-0.14638,-0.14638,-0.14638,-0.14638,0.01861,0.01861,0.01861,-0.0882,-0.0882,-0.0882,-0.0882,-0.0882,0.30106,0.30106,0.30106,0.30106,0.26162,0.26162,0.26162,0.26162,-0.04217,-0.04217,-0.04217,-0.04217,-0.0346,-0.0346
0.01469,0.01469,0.01469,-0.02145,-0.02145,-0.02145,-0.02145,0.17507,0.17507,0.17507,0.17507,-0.22773,-0.22773,-0.22773,-0.22773,0.15413,0.15413,0.15413,0.15413,0.15413,0.16177,0.16177,0.16177,0.16177,0.03695,0.03695,0.03695,0.03695,0.06629,0.06629
-0.00951,-0.00951,0.11003,0.11003,0.11003,0.11003,-0.16683,-0.16683,-0.16683,-0.16683,-0.16683,-0.11323,-0.11323,-0.11323,-0.11323,0.40266,0.40266,0.40266,0.40266,0.01658,0.01658,0.01658,0.01658,0.13894,0.13894,0.13894,0.13894,-0.00489,-0.00489,-0.00489
0.11492,0.11492,0.11492,-0.08098,-0.08098,-0.08098,-0.08098,-0.13334,-0.13334,-0.13334,-0.13334,0.09241,0.09241,0.09241,0.09241,-0.17619,-0.17619,-0.17619,-0.17619,0.30143,0.30143,0.30143,0.30143,-0.00256,-0.00256,-0.00256,-0.00256,-0.02207,-0.02207,-0.02207
0.03032,-0.02025,-0.02025,-0.02025,-0.02025,-0.16296,-0.16296,-0.16296,-0.16296,-0.16296,0.38264,0.38264,0.38264,-0.53682,-0.53682,-0.53682,-0.53682,-0.14673,-0.14673,-0.14673,-0.14673,-0.14673,0.17213,0.17213,0.17213,0.04384,0.04384,0.04384,0.04384,0.01248
-0.08945,-0.08945,-0.08945,-0.08945,0.1344,0.1344,0.1344,0.1344,-0.21935,-0.21935,-0.21935,0.0698,0.0698,0.0698,0.0698,0.41356,0.41356,0.41356,0.41356,0.41356,-0.05782,-0.05782,-0.05782,0.14576,0.14576,0.14576,0.14576,0.14576,0.00056,0.00056
-0.00482,0.02106,0.02106,0.02106,0.02106,-0.07438,-0.07438,-0.07438,-0.07438,0.03596,0.03596,0.03596,0.03596,0.03596,0.05745,0.05745,0.05745,0.05745,0.06239,0.06239,0.06239,0.06239,-0.11928,-0.11928,-0.11928,-0.11928,0.05846,0.05846,0.05846,0.05846
0.0068,0.0068,0.0068,0.00752,0.00752,0.00752,0.00752,-0.0755,-0.0755,-0.0755,-0.0755,0.0959,0.0959,0.0959,0.0959,-0.0527,-0.0527,-0.0527,-0.0527,0.04219,0.04219,0.04219,0.04219,0.29192,0.29192,0.29192,0.29192,-0.26268,-0.26268,-0.26268
0.02159,0.02159,0.02159,0.02159,0.02159,-0.21284,-0.21284,-0.21284,-0.21284,0.1952,0.1952,0.1952,0.1952,-0.00424,-0.00424,-0.00424,-0.00424,0.0926,0.0926,0.0926,0.0926,0.18941,0.18941,0.18941,0.18941,-0.13729,-0.13729,-0.13729,-0.13729,-0.03754
-0.01255,-0.01255,-0.01255,-0.01255,-0.06848,-0.06848,-0.06848,-0.06848,0.08363,0.08363,0.08363,0.08363,-0.04554,-0.04554,-0.04554,-0.04554,0.26478,0.26478,0.26478,0.26478,-0.17798,-0.17798,-0.17798,-0.17798,0.00091,0.00091,0.00091,-0.06714,-0.06714,-0.06714
0.0063,0.0063,0.0063,0.0063,-0.04782,-0.04782,-0.04782,-0.04782,-0.05551,-0.05551,-0.05551,-0.05551,0.01247,0.01247,0.01247,0.01247,0.01247,0.16543,0.16543,0.16543,0.16543,0.31032,0.31032,0.31032,-0.17355,-0.17355,-0.17355,-0.17355,-0.17355,-0.03138
0.00934,0.00934,-0.01522,-0.01522,-0.01522,-0.01522,-0.10709,-0.10709,-0.10709,-0.10709,0.17317,0.17317,0.17317,0.17317,-0.06222,-0.06222,-0.06222,-0.06222,0.33656,0.33656,0.33656,0.33656,-0.1173,-0.1173,-0.1173,-0.1173,0.08403,0.08403,0.08403,0.08403
0.02782,-0.10331,-0.10331,-0.10331,-0.10331,0.02307,0.02307,0.02307,0.02307,0.10467,0.10467,0.10467,0.10467,-0.08576,-0.08576,-0.08576,-0.08576,0.18893,0.18893,0.18893,0.18893,0.14525,0.14525,0.14525,0.14525,-0.17935,-0.17935,-0.17935,-0.17935,0.05952
-0.00293,-0.00293,-0.00293,-0.02734,-0.02734,-0.02734,-0.02734,0.0922,0.0922,0.0922,0.0922,0.01598,0.01598,0.01598,0.01598,-0.09729,-0.09729,-0.09729,-0.09729,0.2198,0.2198,0.2198,0.2198,-0.37712,-0.37712,-0.37712,-0.37712,-0.12511,-0.12511,-0.12511
0.01529,0.01529,0.01529,0.01529,-0.02353,-0.02353,-0.02353,-0.02353,-0.02353,-0.04114,-0.04114,-0.04114,-0.04114,0.13416,0.13416,0.13416,0.13416,0.06158,0.06158,0.06158,0.06158,-0.08424,-0.08424,-0.08424,-0.08424,0.02516,0.02516,0.02516,0.02516,0.01297
-0.02066,-0.03032,-0.03032,-0.03032,-0.03032,0.01363,0.01363,0.01363,0.01363,0.06691,0.06691,0.06691,0.06691,-0.12313,-0.12313,-0.12313,-0.12313,0.30784,0.30784,0.30784,0.30784,0.00883,0.00883,0.00883,0.00883,0.08519,0.08519,0.08519,0.08519,-0.14789
0.00576,0.00576,0.01271,0.01271,0.01271,0.01271,0.0438,0.0438,0.0438,0.0438,-0.21099,-0.21099,-0.21099,-0.21099,0.09339,0.09339,0.09339,0.09339,0.02121,0.02121,0.02121,0.00472,0.00472,0.00472,0.00472,0.2261,0.2261,0.2261,0.2261,-0.06256
-0.00735,-0.00735,-0.00735,-0.10344,-0.10344,-0.10344,-0.10344,0.23254,0.23254,0.23254,0.23254,-0.16138,-0.16138,-0.16138,-0.16138,-0.30117,-0.30117,-0.30117,-0.30117,0.40415,0.40415,0.40415,0.40415,-0.25654,-0.25654,-0.25654,-0.25654,0.06441,0.06441,0.06441
-0.01447,-0.01447,-0.01447,-0.01447,0.00842,0.00842,0.00842,0.00842,-0.00489,-0.00489,-0.00489,-0.00489,-0.0026,-0.0026,-0.0026,-0.0026,-0.0026,-0.0071,-0.0071,-0.0071,-0.0071,0.12051,0.12051,0.12051,0.12051,-0.07654,-0.07654,-0.07654,0.03684,0.03684
-0.00363,-0.00363,-0.00363,0.0091,0.0091,0.0091,0.0091,-0.01252,-0.01252,-0.01252,-0.01252,-0.02384,-0.02384,-0.02384,-0.02384,-0.01099,-0.01099,-0.01099,-0.01099,-0.1046,-0.1046,-0.1046,-0.1046,0.33586,0.33586,0.33586,0.33586,-0.06557,-0.06557,-0.06557
0.03875,0.03875,0.03875,-0.02674,-0.02674,-0.02674,-0.02674,-0.14751,-0.14751,-0.14751,-0.14751,0.22682,0.22682,0.22682,0.22682,-0.11229,-0.11229,-0.11229,-0.11229,0.16736,0.16736,0.16736,0.16736,0.16736,0.13673,0.13673,0.13673,0.13673,-0.07381,-0.07381
0.04484,0.04484,0.04484,-0.05946,-0.05946,-0.05946,-0.05946,-0.05946,-0.09601,-0.09601,-0.09601,-0.09601,0.17473,0.17473,0.17473,0.17473,-0.01341,-0.01341,-0.01341,-0.01341,0.01058,0.01058,0.01058,0.01058,0.11757,0.11757,0.11757,0.11757,-0.25646,-0.25646
-0.0085,-0.0085,0.09665,0.09665,0.09665,0.09665,-0.10122,-0.10122,-0.10122,-0.10122,-0.03546,-0.03546,-0.03546,-0.03546,0.06892,0.06892,0.06892,0.06892,0.00319,0.00319,0.00319,0.00319,0.01851,0.01851,0.01851,0.01851,0.01851,0.01842,0.01842,0.01842
-0.00555,-0.00555,-0.00555,-0.00555,1e-05,1e-05,1e-05,-0.02612,-0.02612,-0.02612,-0.02612,0.09352,0.09352,0.09352,0.09352,-0.07222,-0.07222,-0.07222,-0.07222,-0.04544,-0.04544,-0.04544,-0.04544,0.26771,0.26771,0.26771,0.26771,-0.17352,-0.17352,-0.17352
0.0058,0.0058,0.02244,0.02244,0.02244,-0.15746,-0.15746,-0.15746,-0.15746,-0.15746,0.21106,0.21106,0.21106,0.21106,-0.00412,-0.00412,-0.00412,-0.00412,0.07444,0.07444,0.07444,0.07444,-0.07778,-0.07778,-0.07778,-0.07778,-0.14719,-0.14719,-0.14719,-0.14719
0.00529,-0.02694,-0.02694,-0.02694,-0.02694,0.051,0.051,0.051,0.051,-0.25579,-0.25579,-0.25579,-0.25579,0.21251,0.21251,0.21251,0.21251,0.10898,0.10898,0.10898,0.10898,-0.14898,-0.14898,-0.14898,-0.14898,0.29479,0.29479,0.29479,0.29479,-0.34337
0.01506,0.01506,0.01506,0.01506,0.00531,0.00531,0.00531,0.00531,-0.07217,-0.07217,-0.07217,-0.07217,-0.03485,-0.03485,-0.03485,-0.03485,0.14987,0.14987,0.14987,0.14987,-0.11996,-0.11996,-0.11996,-0.11996,0.2124,0.2124,0.2124,0.2124,0.0683,0.0683
-0.00478,-0.01672,-0.01672,-0.01672,-0.01672,-0.16623,-0.16623,-0.16623,-0.16623,0.32892,0.32892,0.32892,0.32892,-0.08445,-0.08445,-0.08445,-0.08445,-0.12228,-0.12228,-0.12228,-0.12228,-0.04873,-0.04873,-0.04873,-0.04873,-0.04926,-0.04926,-0.04926,-0.04926,-0.04926
0.00525,0.00525,0.01501,0.01501,0.01501,0.01501,0.01491,0.01491,0.01491,0.01491,-0.03553,-0.03553,-0.03553,-0.03553,0.0864,0.0864,0.0864,0.0864,-0.09688,-0.09688,-0.09688,-0.09688,0.15363,0.15363,0.15363,0.15363,-0.06655,-0.06655,-0.06655,-0.06655
0.04272,0.04272,0.04272,-0.0146,-0.0146,-0.0146,-0.0146,-0.04177,-0.04177,-0.04177,-0.04177,0.11128,0.11128,0.11128,0.11128,-0.01641,-0.01641,-0.01641,-0.01641,-0.15423,-0.15423,-0.15423,-0.15423,0.17012,0.17012,0.17012,0.17012,0.1996,0.1996,0.1996
0.01542,-0.02396,-0.02396,-0.02396,-0.02396,0.033,0.033,0.033,0.033,-0.25665,-0.25665,-0.25665,-0.25665,0.45101,0.45101,0.45101,0.45101,-0.16531,-0.16531,-0.16531,-0.16531,0.06857,0.06857,0.06857,0.06857,0.05908,0.05908,0.05908,0.05908,-0.01883
-0.00682,-0.00682,-0.00682,-0.02838,-0.02838,-0.02838,0.08517,0.08517,0.08517,0.08517,-0.08669,-0.08669,-0.08669,-0.08669,0.02682,0.02682,0.02682,0.02682,0.02868,0.02868,0.02868,0.02868,0.03815,0.03815,0.03815,0.03815,-0.02344,-0.02344,-0.02344,-0.02344
0.02581,0.02581,-0.00406,-0.00406,-0.00406,-0.00406,-0.13325,-0.13325,-0.13325,-0.13325,-0.13325,0.1132,0.1132,0.1132,0.32457,0.32457,0.32457,0.32457,-0.26317,-0.26317,-0.26317,-0.26317,-0.26317,0.23659,0.23659,0.23659,0.09187,0.09187,0.09187,0.09187
0.02482,-0.0719,-0.0719,-0.0719,-0.0719,-0.16235,-0.16235,-0.16235,-0.16235,0.31499,0.31499,0.31499,0.31499,0.01347,0.01347,0.01347,0.01347,-0.06491,-0.06491,-0.06491,-0.06491,-0.19634,-0.19634,-0.19634,-0.19634,0.07717,0.07717,0.07717,0.07717,-0.13502
-0.00437,-0.00437,-0.00437,0.01425,0.01425,0.01425,0.01425,0.01425,0.03534,0.03534,0.03534,0.03534,0.04857,0.04857,0.04857,0.04857,-0.17317,-0.17317,-0.17317,-0.17317,0.16082,0.16082,0.16082,0.16082,-0.06014,-0.06014,-0.06014,0.2244,0.2244,0.2244
-0.00977,-0.00977,-0.00977,-0.00356,-0.00356,-0.00356,-0.00356,-0.15349,-0.15349,-0.15349,-0.15349,0.29838,0.29838,0.29838,0.29838,-0.31996,-0.31996,-0.31996,-0.31996,0.24805,0.24805,0.24805,0.24805,0.2555,0.2555,0.2555,0.2555,0.2555,8e-05,8e-05
0.04253,-0.01863,-0.01863,-0.01863,-0.01863,-0.02384,-0.02384,-0.02384,-0.02384,0.05386,0.05386,0.05386,0.05386,-0.20382,-0.20382,-0.20382,-0.20382,0.30954,0.30954,0.30954,0.30954,0.25093,0.25093,0.25093,0.25093,0.03015,0.03015,0.03015,0.03015,0.05328
0.00287,0.00287,0.00287,-0.02317,-0.02317,-0.02317,-0.02317,0.08606,0.08606,0.08606,0.08606,-0.11948,-0.11948,-0.11948,-0.11948,0.13958,0.13958,0.13958,0.13958,-0.11131,-0.11131,-0.11131,-0.11131,0.07968,0.07968,0.07968,0.07968,-0.05628,-0.05628,-0.05628
-0.01992,-0.01992,-0.01992,-0.01992,0.01987,0.01987,0.01987,-0.09366,-0.09366,-0.09366,-0.09366,0.05856,0.05856,0.05856,0.05856,0.05856,-0.0535,-0.0535,-0.0535,-0.0535,0.18182,0.18182,0.18182,0.05406,0.05406,0.05406,0.05406,-0.02328,-0.02328,-0.02328
-0.0124,-0.00482,-0.00482,-0.00482,-0.00482,0.03673,0.03673,0.03673,0.03673,0.01702,0.01702,0.01702,0.01702,-0.08996,-0.08996,-0.08996,-0.08996,-0.15075,-0.15075,-0.15075,-0.15075,0.42786,0.42786,0.42786,0.42786,-0.08906,-0.08906,-0.08906,-0.08906,-0.02687
-0.0032,-0.0032,-0.0032,0.00844,0.00844,0.00844,0.00844,-0.0533,-0.0533,-0.0533,-0.0533,0.24867,0.24867,0.24867,0.24867,-0.26698,-0.26698,-0.26698,-0.26698,0.06422,0.06422,0.06422,0.06422,0.14544,0.14544,0.14544,0.14544,0.0363,0.0363,0.0363
0.03417,0.00886,0.00886,0.00886,0.00886,-0.044,-0.044,-0.044,-0.044,0.13809,0.13809,0.13809,0.13809,-0.16586,-0.16586,-0.16586,-0.16586,-0.16586,0.14452,0.14452,0.14452,-0.06377,-0.06377,-0.06377,-0.06377,0.2873,0.2873,0.2873,0.2873,-0.16901
0.04438,-0.02711,-0.02711,-0.02711,-0.02711,0.00571,0.00571,0.00571,0.00571,-0.2391,-0.2391,-0.2391,-0.2391,0.30799,0.30799,0.30799,0.30799,0.05626,0.05626,0.05626,0.05626,-0.02242,-0.02242,-0.02242,-0.02242,-0.00522,-0.00522,-0.00522,-0.00522,-0.03814
0.02787,0.02787,0.02787,-0.0196,-0.0196,-0.0196,-0.0196,-0.04681,-0.04681,-0.04681,-0.04681,0.01785,0.01785,0.01785,0.01785,0.02965,0.02965,0.02965,0.02965,0.10192,0.10192,0.10192,0.10192,0.10192,0.05035,0.05035,0.05035,0.05035,-0.01749,-0.01749
0.07582,0.07582,-0.02386,-0.02386,-0.02386,-0.02386,-0.02262,-0.02262,-0.02262,-0.02262,-0.02262,0.02066,0.02066,0.02066,0.02066,-0.09848,-0.09848,-0.09848,-0.09848,0.06056,0.06056,0.06056,0.06056,0.10309,0.10309,0.10309,0.10309,-0.0278,-0.0278,-0.0278
0.03883,0.03883,0.03883,-0.00892,-0.00892,-0.00892,-0.00892,0.01515,0.01515,0.01515,-0.20019,-0.20019,-0.20019,-0.20019,-0.20019,0.19635,0.19635,0.19635,0.19635,0.06474,0.06474,0.06474,0.06474,-0.04688,-0.04688,-0.04688,-0.04688,0.033,0.033,0.033
0.01558,0.01558,-0.02367,-0.02367,-0.02367,-0.02367,0.02243,0.02243,0.02243,0.02243,0.02243,-0.08708,-0.08708,-0.08708,-0.08708,0.13395,0.13395,0.13395,-0.08657,-0.08657,-0.08657,-0.08657,0.14099,0.14099,0.14099,0.14099,-0.07375,-0.07375,-0.07375,-0.07375
-0.03822,-0.03822,0.03115,0.03115,0.03115,0.03115,0.03003,0.03003,0.03003,0.03003,-0.28336,-0.28336,-0.28336,-0.28336,0.33521,0.33521,0.33521,0.33521,0.33521,-0.10155,-0.10155,-0.10155,0.00178,0.00178,0.00178,0.00178,0.10334,0.10334,0.10334,0.10334
-0.00558,-0.00558,0.0091,0.0091,0.0091,0.0091,-0.02638,-0.02638,-0.02638,-0.02638,0.09866,0.09866,0.09866,0.09866,-0.05859,-0.05859,-0.05859,-0.05859,0.0492,0.0492,0.0492,0.0492,-0.09514,-0.09514,-0.09514,-0.09514,0.11333,0.11333,0.11333,0.11333
-0.02141,-0.02141,0.00949,0.00949,0.00949,0.00949,-0.25,-0.25,-0.25,-0.25,0.77204,0.77204,0.77204,0.77204,-0.41941,-0.41941,-0.41941,-0.41941,0.26054,0.26054,0.26054,0.26054,0.20151,0.20151,0.20151,0.20151,0.05472,0.05472,0.05472,0.05472
0.02971,0.02971,0.00393,0.00393,0.00393,0.00393,0.00393,-0.02044,-0.02044,-0.02044,-0.02044,-0.0576,-0.0576,-0.0576,-0.0576,0.14312,0.14312,0.14312,0.14312,-0.11557,-0.11557,-0.11557,-0.11557,-0.0111,-0.0111,-0.0111,-0.0111,0.11906,0.11906,0.11906
-0.00639,0.00069,0.00069,0.00069,0.09412,0.09412,0.09412,0.09412,-0.00118,-0.00118,-0.00118,-0.00118,-0.2786,-0.2786,-0.2786,-0.2786,0.37373,0.37373,0.37373,0.37373,0.01305,0.01305,0.01305,0.01305,0.15935,0.15935,0.15935,0.15935,0.15935,0.01332
0.0228,0.0228,-0.01349,-0.01349,-0.01349,-0.01349,-0.00379,-0.00379,-0.00379,-0.00379,0.02226,0.02226,0.02226,0.02226,0.17388,0.17388,0.17388,0.17388,-0.29507,-0.29507,-0.29507,-0.29507,0.19067,0.19067,0.19067,0.19067,0.14173,0.14173,0.14173,0.14173
0.00458,-0.01863,-0.01863,-0.01863,-0.01863,0.13568,0.13568,0.13568,-0.09989,-0.09989,-0.09989,-0.09989,-0.19788,-0.19788,-0.19788,-0.19788,0.34311,0.34311,0.34311,0.34311,0.05099,0.05099,0.05099,0.05099,0.12614,0.12614,0.12614,0.12614,0.03266,0.03266
-0.03838,-0.03838,0.04328,0.04328,0.04328,0.04328,0.05117,0.05117,0.05117,0.05117,-0.04883,-0.04883,-0.04883,-0.04883,-0.09136,-0.09136,-0.09136,-0.09136,-0.02953,-0.02953,-0.02953,-0.02953,0.29789,0.29789,0.29789,0.29789,0.01127,0.01127,0.01127,0.01127
-0.03406,-0.03406,0.08813,0.08813,0.08813,0.02077,0.02077,0.02077,0.02077,0.02077,-0.18469,-0.18469,-0.18469,-0.18469,0.07249,0.07249,0.07249,0.10611,0.10611,0.10611,0.10611,0.10611,-0.01407,-0.01407,-0.01407,-0.01407,0.00205,0.00205,0.00205,0.00205
0.0001,0.0001,0.0001,0.0001,0.0001,0.1801,0.1801,0.1801,-0.19265,-0.19265,-0.19265,-0.19265,-0.12646,-0.12646,-0.12646,-0.12646,-0.12646,0.22586,0.22586,0.22586,0.02079,0.02079,0.02079,0.02079,0.0745,0.0745,0.0745,0.0745,0.0498,0.0498
-0.04691,0.03646,0.03646,0.03646,0.03646,0.17541,0.17541,0.17541,0.17541,-0.29713,-0.29713,-0.29713,-0.29713,0.10901,0.10901,0.10901,0.10901,0.04868,0.04868,0.04868,0.04868,0.05008,0.05008,0.05008,0.05008,0.24886,0.24886,0.24886,0.24886,0.24886
-0.00634,-0.00502,-0.00502,-0.00502,-0.00502,0.07161,0.07161,0.07161,0.07161,-0.14205,-0.14205,-0.14205,-0.14205,0.12496,0.12496,0.12496,0.12496,0.12496,-0.13925,-0.13925,-0.13925,0.15022,0.15022,0.15022,0.15022,0.11925,0.11925,0.11925,0.11925,0.02095
0.00509,0.00509,0.00509,0.00509,0.0873,0.0873,0.0873,0.0873,-0.05064,-0.05064,-0.05064,-0.09668,-0.09668,-0.09668,-0.09668,-0.09668,-0.06015,-0.06015,-0.06015,-0.06015,0.05619,0.05619,0.05619,0.05619,0.06678,0.06678,0.06678,0.06678,-0.05012,-0.05012
